description_simbolo,tipo,is_symbol,code,val_check,label_utente_attuale,label_corretta_DA_COMPILARE,n_kpi,kpi_esempi
"_ab",fixed_params,SI,FP-URB-003,"50","Densità abitativa in aree a rischio naturale",,1,"ABT-05"
"_abit",fixed_params,SI,FP-IST-021,"0.03","Riduzione probabilità NEET da scuola materna",,1,"ABT-02"
"_accesso",fixed_params,SI,FP-SAL-013,"0.018","Riduzione mortalità per 10 minuti di accesso rapido (Avdic)",,1,"OSP-01"
"_agglom",fixed_params,SI,FP-MOB-051,"0.05","Elasticità produttività/accessibilità (agglomerazione Venables)",,2,"MET-05 FER-07"
"_evitabile",fixed_params,SI,FP-ICT-002,"0.0003","Densità km cavidotti per abitante",,1,"SOC-04"
"_falda",fixed_params,SI,FP-IST-018,"2.5","ROI scuola materna 3-6 anni (Heckman)",,1,"T107-B"
"_fonte",fixed_params,SI,FP-MOB-006,"45","Benchmark accessibilità aeroportuale — soglia intervento",,1,"CAP-02"
"_mare",fixed_params,SI,FP-IST-001,"25","Alunni per sezione scuola materna",,1,"POR-03"
"_prevenibile",fixed_params,SI,FP-SAL-014,"0.0002","QALY per minuto di riduzione accesso ospedaliero",,1,"AIS-04"
"_rurale",fixed_params,SI,FP-MOB-002,"18","Standard mq aerostazione per passeggero picco",,1,"PAR-04"
"_TPL",fixed_params,SI,FP-IST-001,"25","Alunni per sezione scuola materna",,1,"TRU-03"
"agglom",fixed_params,SI,FP-IST-024,"0.08","Quota QALY cognitivo per bambino svantaggiato da nido",,1,"168A"
"aliquota",fixed_params,SI,FP-IST-148,"0.28","aliquota",,2,"161B 209C"
"bacino",fixed_params,SI,FP-IST-064,"1.5","bacino",,6,"REG-02 FOG-02 PLA-02 COR-01 T110-B"
"benchmark",fixed_params,SI,FP-IST-119,"50","benchmark",,2,"STA-03 AER-01"
"biglietto",fixed_params,SI,FP-TUR-051,"30","biglietto",,1,"268C"
"biogas",fixed_params,SI,FP-AGR-014,"15","Riduzione carico azoto da irrigazione controllata",,1,"148C"
"C_auto",monetization_factors,SI,MF-MOB-010,"0.25","Costo operativo per km — auto privata",,1,"CIC-05"
"C_autobotti",monetization_factors,SI,MF-ENE-004,"5","Value of Lost Load — costo interruzione fornitura elettrica",,3,"SER-03 T104-A 269B"
"C_CCGT",monetization_factors,SI,MF-ENE-005,"80","Costo marginale produzione da ciclo combinato gas",,1,"T130-A"
"C_CHP",monetization_factors,SI,MF-ENE-006,"11","Costo del calore da teleriscaldamento — CHP",,1,"T122-A"
"C_crisi",monetization_factors,SI,MF-ENE-004,"5","Value of Lost Load — costo interruzione fornitura elettrica",,1,"ALI-03"
"C_fermo",monetization_factors,SI,MF-LAV-003,"5000","Risparmio sussidi pubblici per reinserito lavorativo",,1,"T106-B"
"C_gg",monetization_factors,SI,MF-LAV-003,"5000","Risparmio sussidi pubblici per reinserito lavorativo",,1,"264C"
"C_grave",monetization_factors,SI,MF-SAL-002,"500000","Costo sociale ferito grave da incidente stradale",,1,"STR-02"
"C_idrovia",monetization_factors,SI,MF-AMB-005,"0.025","Costo esterno per km percorso — PM e NOx veicoli",,1,"IDR-01"
"C_infez",monetization_factors,SI,MF-MOB-012,"350","Costo esterno rumore stradale per esposto",,1,"SCU-03"
"C_ipertensione",monetization_factors,SI,MF-AMB-010,"1800","Valore ecosistemico suolo vergine non consumato",,1,"RUM-03"
"C_km",monetization_factors,SI,MF-MOB-010,"0.25","Costo operativo per km — auto privata",,7,"EDI-04 SOC-02 OSP-05 SAN-05 ICC-02"
"C_lieve",monetization_factors,SI,MF-SAL-003,"25000","Costo sociale ferito lieve da incidente stradale",,2,"STR-02 STR-07"
"C_medio",monetization_factors,SI,MF-ENE-001,"0.22","Prezzo elettricità — tariffa media PA/imprese",,1,"STR-02"
"C_medio_incidente",monetization_factors,SI,MF-SAL-005,"220000","Costo sociale incidente stradale grave (con feriti gravi)",,1,"ITS-03"
"C_NEET",monetization_factors,SI,MF-AMB-013,"300","Valore ecosistemico ambienti seminaturali",,6,"MAT-04 192B 194A 255C 275C"
"C_NEET_lifetime",monetization_factors,SI,MF-LAV-002,"300000","Costo sociale lifetime di un NEET",,1,"MAT-04"
"C_notte_alt",monetization_factors,SI,MF-IST-003,"35","WTP per accesso a impianti sportivi",,1,"CON-04"
"C_pasto_alt",monetization_factors,SI,MF-MOB-004,"6","Valore del Tempo — anziani e utenti fragili",,1,"CON-04"
"C_reato",monetization_factors,SI,MF-SIC-001,"6500","Costo sociale medio per reato contro il patrimonio",,4,"ILL-03 SIC-01 183A 271B"
"C_reato_medio",monetization_factors,SI,MF-SIC-001,"6500","Costo sociale medio per reato contro il patrimonio",,1,"SIC-06"
"C_rete",monetization_factors,SI,MF-AMB-018,"1.1","Prezzo ombra acqua potabile da acquedotto",,2,"ALI-01 269B"
"C_risparmio",monetization_factors,SI,MF-AMB-004,"15000","Costo esterno per tonnellata di NOx emesso",,1,"MON-03"
"C_RSA",monetization_factors,SI,MF-SAL-011,"2600","Costo mensile posto in RSA",,4,"EDI-01 RPC-01 221A 239A"
"C_salute_rumore",monetization_factors,SI,MF-MOB-012,"350","Costo esterno rumore stradale per esposto",,2,"STR-09 AER-06"
"collaterale",fixed_params,SI,FP-MOB-002,"18","Standard mq aerostazione per passeggero picco",,1,"268C"
"compost",fixed_params,SI,FP-AMB-055,"0.55","compost",,1,"262A"
"Costo medio di un ricovero ospedaliero",monetization_factors,no,MF-CIV-DRG,"3500","Costo medio di un ricovero ospedaliero",,18,"MAT-03 NID-03 SPO-03 SAN-01 SAN-04"
"Costo sociale del carbonio (CO2)",monetization_factors,no,MF-CIV-SCC,"100","Costo sociale del carbonio (CO2)",,88,"SCU-05 SCU-08 ILL-04 ILL-05 VER-01"
"Costo unitario di sostituzione/ripristino",monetization_factors,no,MF-CIV-SOST,"1000","Costo unitario di sostituzione/ripristino",,7,"CIM-02 PA-06 BOR-04 SRE-01 CAP-01"
"CRF",fixed_params,SI,FP-SAL-040,"0.012","Concentrazione-Risposta mortalità PM2.5 (CRF WHO)",,3,"QAR-01 T130-C 160C"
"CRF_morb",fixed_params,SI,FP-AMB-020,"0.8","Riduzione UHI da verde urbano",,1,"QAR-02"
"CS",fixed_params,SI,FP-IST-001,"25","Alunni per sezione scuola materna",,6,"TEA-01 CUL-14 PAR-09 COR-02 260B"
"CS_eco_RS",monetization_factors,SI,MF-IST-001,"28","WTP per servizi culturali — esistenza e opzione",,1,"247C"
"CS_escursione",monetization_factors,SI,MF-AMB-021,"15","Costo interruzione servizio idrico — utenza residenziale",,1,"SNR-03"
"CS_parco",monetization_factors,SI,MF-AMB-006,"35","WTP per verde urbano accessibile",,1,"PAR-09"
"CS_teatro",monetization_factors,SI,MF-TUR-004,"22","Consumer surplus — spettacolo teatrale",,1,"268A"
"D_evento",monetization_factors,SI,MF-SAL-003,"25000","Costo sociale ferito lieve da incidente stradale",,1,"NBS-04"
"D_ha",monetization_factors,SI,MF-AMB-026,"85000","Danno medio per ettaro alluvionato",,1,"DIF-01"
"D_incendio_ha",monetization_factors,SI,MF-LAV-003,"5000","Risparmio sussidi pubblici per reinserito lavorativo",,1,"FOR-04"
"DA",fixed_params,SI,FP-IST-020,"0.12","Riduzione probabilità abbandono da strutture scolastiche adeguate",,1,"262B"
"Danno atteso annuo evitato",monetization_factors,no,MF-CIV-EAD,"50000","Danno atteso annuo evitato",,34,"SCU-07 VER-06 ABT-05 ABT-06 ABT-07"
"deadweight",fixed_params,SI,FP-LAV-006,"0.35","Deadweight su incentivi all\'occupazione",,5,"209A 211A 215A 233A 237A"
"Disponibilita a pagare media (WTP)",monetization_factors,no,MF-CIV-WTP,"50","Disponibilita a pagare media (WTP)",,85,"SOC-03 CIM-01 SPO-04 TEA-01 TEA-02"
"DRG",monetization_factors,SI,MF-SAL-010,"3200","Costo medio DRG — ricovero ospedaliero medio",,3,"273C 274C 231C"
"DRG_medio",monetization_factors,SI,MF-SAL-010,"3200","Costo medio DRG — ricovero ospedaliero medio",,3,"OSP-03 RPC-04 AIS-05"
"EAL",fixed_params,SI,FP-AMB-028,"0.2","EAL sismico edifici scolastici pre-1971 (zona II)",,3,"SCU-07 144C 264A"
"EAL_base",fixed_params,SI,FP-IST-003,"0.15","Quota studenti universitari fuori sede",,1,"SIS-01"
"EAL_mq_sismico",fixed_params,SI,FP-IST-003,"0.15","Quota studenti universitari fuori sede",,1,"ABT-07"
"EC",monetization_factors,SI,MF-AMB-003,"55000","Costo esterno per tonnellata di PM2.5 emesso",,5,"NBS-05 T122-C 149B 150B 154C"
"EC_cong",fixed_params,SI,FP-MOB-027,"0.08","Quota incidenti su autostrade",,1,"183C"
"EC_cong_medio",fixed_params,SI,FP-MOB-027,"0.08","Quota incidenti su autostrade",,1,"ITS-05"
"EC_inc_auto",fixed_params,SI,FP-IST-021,"0.03","Riduzione probabilità NEET da scuola materna",,1,"FER-06"
"EC_inc_treno",fixed_params,SI,FP-IST-029,"0.002","Probabilità spin-off per ricercatore",,1,"FER-06"
"EC_PM",fixed_params,SI,FP-ENE-009,"55","Risparmio energetico riqualificazione scolastica E→B",,3,"STR-05 135B 162B"
"EC_PM_auto",fixed_params,SI,FP-IST-040,"0.05","QALY da reinserimento lavorativo vs disoccupazione",,1,"MET-03"
"EF",fixed_params,SI,FP-ENE-011,"0.233","EF medio rete elettrica IT — fattore emissione",,12,"SCU-05 PA-05 ICC-03 CAS-01 CIC-04"
"EF_auto",fixed_params,SI,FP-IST-016,"0.18","Premium salariale ITS vs diploma superiore",,10,"ICC-03 CIC-04 TRU-02 ITS-02 MET-02"
"EF_biol",fixed_params,SI,FP-AMB-029,"0.12","EAL sismico fabbricati rurali",,1,"262B"
"EF_bus",fixed_params,SI,FP-ENE-013,"0.089","EF autobus/bus standard per passeggero-km",,1,"TRU-02"
"EF_disc",fixed_params,SI,FP-AGR-018,"0.52","Riduzione GHG da C&D vs discarica",,1,"T112-A"
"EF_discarica",fixed_params,SI,FP-AGR-018,"0.52","Riduzione GHG da C&D vs discarica",,2,"T108-B 262B"
"EF_displaced",fixed_params,SI,FP-IST-009,"0.4","Quota bambini 3-6 anni su utenti servizi infanzia",,5,"T104-C T105-A T127-A T128-B T129-B"
"EF_el",fixed_params,SI,FP-ENE-011,"0.233","EF medio rete elettrica IT — fattore emissione",,12,"SCU-08 ILL-05 CAS-02 PA-11 AER-09"
"EF_funivia",fixed_params,SI,FP-MOB-054,"0.01","Riduzione CO2 da flusso costante autostradale vs stop-and-go",,1,"FUN-03"
"EF_medio_ponderato",fixed_params,SI,FP-AGR-019,"1.1","EF risparmio MPS vs materie vergini (media ponderata)",,1,"T109-B"
"EF_PM",fixed_params,SI,FP-IST-029,"0.002","Probabilità spin-off per ricercatore",,1,"160A"
"EF_pompaggio",fixed_params,SI,FP-IST-025,"0.35","Tasso di emigrazione laureati dal comune",,1,"RIU-02"
"EF_rete",fixed_params,SI,FP-ENE-011,"0.233","EF medio rete elettrica IT — fattore emissione",,1,"T125-C"
"EF_risparmio",fixed_params,SI,FP-IST-025,"0.35","Tasso di emigrazione laureati dal comune",,1,"T111-B"
"EF_TIR",fixed_params,SI,FP-ENE-015,"0.062","EF TIR per tonnellata-km",,4,"COM-02 INT-02 135B 162B"
"EF_TMB",fixed_params,SI,FP-IST-020,"0.12","Riduzione probabilità abbandono da strutture scolastiche adeguate",,1,"T112-A"
"EF_TPL_mix",fixed_params,SI,FP-IST-024,"0.08","Quota QALY cognitivo per bambino svantaggiato da nido",,1,"ITS-02"
"eff_elettrica",fixed_params,SI,FP-ENE-003,"0.35","Efficienza elettrica impianto CHP",,1,"T131-C"
"eventi_rid",fixed_params,SI,FP-AMB-024,"0.03","Frequenza eventi allagamento per ha verde non realizzato",,1,"NBS-04"
"frequenza",monetization_factors,SI,MF-IST-047,"280","frequenza",,3,"TRU-01 MET-01 FER-04"
"gestione",fixed_params,SI,FP-IST-163,"50","gestione",,1,"282B"
"gg",monetization_factors,SI,MF-AMB-013,"300","Valore ecosistemico ambienti seminaturali",,1,"ICC-03"
"GG",fixed_params,SI,FP-EDI-029,"30","Superficie per addetto area industriale — infrastrutture",,1,"264C"
"gg_degenza",fixed_params,SI,FP-SAL-004,"20","Benchmark tempo raggiungibilità servizi sanitari",,1,"SAN-01"
"gg_fermo_rid",fixed_params,SI,FP-IST-005,"3","Standard ICOM superficie museo per visitatore",,1,"T106-B"
"gg_soggiorno",fixed_params,SI,FP-IST-018,"2.5","ROI scuola materna 3-6 anni (Heckman)",,1,"CON-01"
"Gini_rid",fixed_params,SI,FP-IST-040,"0.05","QALY da reinserimento lavorativo vs disoccupazione",,1,"227A"
"GJ_per_ab",fixed_params,SI,FP-ENE-004,"50","Consumo termico medio per abitazione",,1,"T122-A"
"gravi",fixed_params,SI,FP-MOB-026,"0.22","Quota feriti gravi su totale feriti stradali",,2,"ILL-02 STR-02"
"HEAT_mortality_rate",fixed_params,SI,FP-MOB-034,"4.5e-07","HEAT mortality rate ciclismo (WHO)",,1,"CIC-01"
"HEAT_walk",fixed_params,SI,FP-IST-009,"0.4","Quota bambini 3-6 anni su utenti servizi infanzia",,1,"STR-16"
"HEAT_walking",fixed_params,SI,FP-IST-009,"0.4","Quota bambini 3-6 anni su utenti servizi infanzia",,2,"ARR-04 ICC-04"
"Impatto_cantiere",monetization_factors,SI,MF-LAV-003,"5000","Risparmio sussidi pubblici per reinserito lavorativo",,1,"187B"
"indice",fixed_params,SI,FP-IST-079,"0.5","indice",,1,"SCU-09"
"k",monetization_factors,SI,MF-SAL-004,"129500","Costo sociale ferito medio da incidente stradale",,1,"STR-02"
"km",fixed_params,SI,FP-MOB-042,"3.5","km medi percorso auto in area urbana",,1,"STR-15"
"km_anno",fixed_params,SI,FP-MOB-033,"1100","Km percorsi annui da ciclista attivo",,1,"CIC-01"
"km_aut_anno",fixed_params,SI,FP-MOB-043,"30000","km medi percorso auto su autostrada",,1,"AUT-01"
"km_auto_evitati",fixed_params,SI,FP-AGR-015,"3000","Consumo idrico medio irrigazione per ettaro",,1,"ALT-02"
"km_cammino",fixed_params,SI,FP-IST-005,"3","Standard ICOM superficie museo per visitatore",,1,"ARR-04"
"km_cruising",fixed_params,SI,FP-IST-032,"20","Alunni standard per classe — benchmark dimensione",,1,"PAR-07"
"km_medi",fixed_params,SI,FP-IST-017,"7","ROI scuola dell\'infanzia 0-3 anni (Heckman)",,2,"TRU-02 MET-02"
"km_walk",fixed_params,SI,FP-IST-005,"3","Standard ICOM superficie museo per visitatore",,1,"STR-16"
"km_walk_anno",fixed_params,SI,FP-IST-018,"2.5","ROI scuola materna 3-6 anni (Heckman)",,1,"ICC-04"
"kWh_anno",fixed_params,SI,FP-AGR-015,"3000","Consumo idrico medio irrigazione per ettaro",,1,"T125-C"
"kWh_risparmio",fixed_params,SI,FP-ENE-006,"8000","Ore operative annue impianto biogas",,1,"191C"
"LCOE",monetization_factors,SI,MF-ENE-003,"55","Costo livellato energia rinnovabile — LCOE FER",,1,"155C"
"LCOE_FER",monetization_factors,SI,MF-ENE-003,"55","Costo livellato energia rinnovabile — LCOE FER",,1,"T127-B"
"LCOE_idro",fixed_params,SI,FP-MOB-006,"45","Benchmark accessibilità aeroportuale — soglia intervento",,2,"T105-A T129-A"
"locale",fixed_params,SI,FP-TUR-041,"1","locale",,1,"CUL-12"
"m3_ha_anno",fixed_params,SI,FP-IST-018,"2.5","ROI scuola materna 3-6 anni (Heckman)",,1,"FOR-03"
"margine",fixed_params,SI,FP-TUR-048,"0.42","margine",,2,"140A 143A"
"molt",fixed_params,SI,FP-TUR-021,"1.35","Moltiplicatore I-O turismo leisure/sport IT",,16,"133A 137B 139A 140B 167A"
"molt_effetti",fixed_params,SI,FP-TUR-022,"1.4","Moltiplicatore I-O turismo business/MICE IT",,1,"268C"
"moltiplicatore",fixed_params,SI,FP-TUR-020,"1.38","Moltiplicatore I-O turismo culturale IT",,28,"ARR-02 SPO-05 RIC-02 TEA-04 FIE-02"
"mq_risparmiati",fixed_params,SI,FP-IST-005,"3","Standard ICOM superficie museo per visitatore",,1,"CIM-03"
"museo",fixed_params,SI,FP-TUR-040,"0.8","museo",,1,"CUL-11"
"n_gg",fixed_params,SI,FP-TUR-019,"220","Spesa media diportista/nautica per giorno",,1,"PAR-08"
"N_int_rid",fixed_params,SI,FP-IST-005,"3","Standard ICOM superficie museo per visitatore",,1,"191B"
"N_ore",fixed_params,SI,FP-EDI-034,"4","Superficie media data center per rack",,1,"T123-C"
"N_pratiche",fixed_params,SI,FP-IST-005,"3","Standard ICOM superficie museo per visitatore",,2,"184C 190B"
"N_spost",fixed_params,SI,FP-TUR-019,"220","Spesa media diportista/nautica per giorno",,2,"170A 281A"
"nazionale",fixed_params,SI,FP-TUR-042,"2.5","nazionale",,1,"CUL-12"
"netto",monetization_factors,SI,MF-IST-133,"60","netto",,2,"T109-A 262C"
"occ",fixed_params,SI,FP-IST-037,"0.55","Tasso occupazione post-work experience",,2,"POR-01 140A"
"ore",fixed_params,SI,FP-TUR-002,"2","Standard mq area archeologica per visitatore annuo",,1,"191B"
"Ore",fixed_params,SI,FP-IST-005,"3","Standard ICOM superficie museo per visitatore",,4,"RIU-03 SER-01 T120-C T121-A"
"p",fixed_params,SI,FP-AMB-001,"3","Rapporto rifiuti C&D su rifiuti urbani",,15,"SOC-04 IGI-01 AIS-04 AIS-05 SIC-07"
"p_attrBC",fixed_params,SI,FP-TUR-028,"0.2","Quota presenze attratte da beni culturali diffusi",,1,"CUL-09"
"p_aumento_access",fixed_params,SI,FP-IST-040,"0.05","QALY da reinserimento lavorativo vs disoccupazione",,1,"AER-03"
"p_brev",fixed_params,SI,FP-IST-010,"0.015","Elasticità reddito-dimensione classe (Hoxby)",,4,"172A 173A 230C 248A"
"p_brevetto",fixed_params,SI,FP-IST-010,"0.015","Elasticità reddito-dimensione classe (Hoxby)",,1,"UNI-03"
"p_decesso_evitato",fixed_params,SI,FP-SAL-014,"0.0002","QALY per minuto di riduzione accesso ospedaliero",,1,"IGI-02"
"p_disoccup_rid",fixed_params,SI,FP-IST-003,"0.15","Quota studenti universitari fuori sede",,1,"195B"
"P_el",fixed_params,SI,FP-MOB-026,"0.22","Quota feriti gravi su totale feriti stradali",,13,"SCU-05 SCU-08 PA-05 CAS-01 PA-11"
"p_errore_rid",fixed_params,SI,FP-IST-003,"0.15","Quota studenti universitari fuori sede",,1,"181B"
"p_fermo",fixed_params,SI,FP-IST-040,"0.05","QALY da reinserimento lavorativo vs disoccupazione",,1,"T106-B"
"P_inagib",fixed_params,SI,FP-EDI-004,"0.05","Quota stock abitativo in degrado annuo",,1,"264C"
"p_infez",fixed_params,SI,FP-SAL-013,"0.018","Riduzione mortalità per 10 minuti di accesso rapido (Avdic)",,2,"SCU-03 192C"
"p_internaz",fixed_params,SI,FP-IST-004,"0.3","Quota studenti fuori sede che utilizza residenza",,1,"AER-03"
"p_ipertensione_rumore",fixed_params,SI,FP-AMB-024,"0.03","Frequenza eventi allagamento per ha verde non realizzato",,1,"RUM-03"
"p_lista",fixed_params,SI,FP-EDI-017,"0.03","Quota annua edifici PA soggetti a riqualificazione EPBD",,1,"275A"
"p_malattia",fixed_params,SI,FP-IST-007,"0.02","Quota ITS su laureati annui",,1,"FOG-01"
"p_malattia_rid",fixed_params,SI,FP-IST-027,"0.04","Percentuale ricercatori su laureati",,1,"220C"
"p_mant",fixed_params,SI,FP-IST-042,"0.25","Quota adulti italiani partecipanti a formazione culturale",,1,"196B"
"p_mort",fixed_params,SI,FP-MOB-015,"0.05","Densità km rete gas per abitante non metanizzato",,1,"ITS-04"
"p_mort_diff",fixed_params,SI,FP-SIC-005,"0.003","Quota popolazione in servizio militare",,1,"273B"
"p_mortale",fixed_params,SI,FP-IST-016,"0.18","Premium salariale ITS vs diploma superiore",,1,"AUT-03"
"p_mortality_rid",fixed_params,SI,FP-IST-029,"0.002","Probabilità spin-off per ricercatore",,1,"231A"
"p_NEET_rid",fixed_params,SI,FP-IST-021,"0.03","Riduzione probabilità NEET da scuola materna",,2,"192B 255C"
"p_NEET_ridotto",fixed_params,SI,FP-IST-021,"0.03","Riduzione probabilità NEET da scuola materna",,1,"MAT-04"
"p_occ",fixed_params,SI,FP-IST-036,"0.7","Tasso occupazione post-apprendistato",,3,"205A 235A 246A"
"p_occ_post",fixed_params,SI,FP-IST-036,"0.7","Tasso occupazione post-apprendistato",,1,"200A"
"p_occupazione_post",fixed_params,SI,FP-IST-009,"0.4","Quota bambini 3-6 anni su utenti servizi infanzia",,1,"GIU-08"
"p_osped_rid_0_3",fixed_params,SI,FP-IST-031,"0.06","Elasticità agglomerazione R&S su TFP locale",,1,"NID-03"
"p_ospedaliz_ridotta",fixed_params,SI,FP-IST-027,"0.04","Percentuale ricercatori su laureati",,1,"MAT-03"
"p_recupero_balneab",fixed_params,SI,FP-IST-040,"0.05","QALY da reinserimento lavorativo vs disoccupazione",,1,"DEP-04"
"p_ricarica_regimazione",fixed_params,SI,FP-IST-040,"0.05","QALY da reinserimento lavorativo vs disoccupazione",,1,"REG-03"
"p_ricoveri_ridotti",fixed_params,SI,FP-SIC-012,"0.15","Riduzione criminalità da videosorveglianza CCTV (Welsh & Farrington)",,1,"274C"
"p_ricovero_evitato",fixed_params,SI,FP-SAL-035,"0.03","Quota esposti a ipertensione da rumore >55 dBA",,2,"ASA-03 AIS-05"
"p_ricovero_rid",fixed_params,SI,FP-IST-040,"0.05","QALY da reinserimento lavorativo vs disoccupazione",,1,"193C"
"p_rid",fixed_params,SI,FP-IST-020,"0.12","Riduzione probabilità abbandono da strutture scolastiche adeguate",,17,"SIC-01 ITS-04 ITS-05 MON-01 144C"
"p_rid_cong",fixed_params,SI,FP-IST-031,"0.06","Elasticità agglomerazione R&S su TFP locale",,1,"183C"
"p_rid_cong_ITS",fixed_params,SI,FP-MOB-012,"0.12","Quota rotazione magazzino su capacità TIR",,1,"ITS-05"
"p_rid_emiss_ITS",fixed_params,SI,FP-MOB-027,"0.08","Quota incidenti su autostrade",,1,"ITS-06"
"p_rid_form",fixed_params,SI,FP-LAV-006,"0.35","Deadweight su incentivi all\'occupazione",,1,"217B"
"p_rid_ITS",fixed_params,SI,FP-IST-016,"0.18","Premium salariale ITS vs diploma superiore",,1,"ITS-03"
"p_rid_malattia",fixed_params,SI,FP-IST-021,"0.03","Riduzione probabilità NEET da scuola materna",,1,"256B"
"p_riduz",fixed_params,SI,FP-IST-042,"0.25","Quota adulti italiani partecipanti a formazione culturale",,5,"AUT-03 DIF-03 ABR-01 ABR-03 SIS-03"
"p_riduz_blackspot",fixed_params,SI,FP-IST-004,"0.3","Quota studenti fuori sede che utilizza residenza",,1,"STR-07"
"p_riduz_EW",fixed_params,SI,FP-AMB-002,"0.3","Quota FORSU su rifiuti indifferenziati",,1,"MON-01"
"p_riduz_gestione",fixed_params,SI,FP-IST-004,"0.3","Quota studenti fuori sede che utilizza residenza",,1,"FOR-04"
"p_riduz_igiene",fixed_params,SI,FP-SAL-002,"0.25","Quota posti RSA su posti letto ospedalieri",,1,"IGI-04"
"p_riduz_ITS",fixed_params,SI,FP-MOB-028,"0.18","Quota incidenti mortali su autostrade",,1,"ITS-04"
"p_riduz_manutenzione",fixed_params,SI,FP-IST-042,"0.25","Quota adulti italiani partecipanti a formazione culturale",,1,"IDR-02"
"p_riduz_opera",fixed_params,SI,FP-IST-009,"0.4","Quota bambini 3-6 anni su utenti servizi infanzia",,2,"DIF-01 DIF-02"
"p_riduz_rete",fixed_params,SI,FP-IST-015,"0.45","Premium salariale PhD vs laurea magistrale",,2,"PLA-01 T107-C"
"p_riduz_struttura",fixed_params,SI,FP-IST-020,"0.12","Riduzione probabilità abbandono da strutture scolastiche adeguate",,1,"SCU-06"
"p_riduz_zona30",fixed_params,SI,FP-IST-009,"0.4","Quota bambini 3-6 anni su utenti servizi infanzia",,1,"STR-14"
"p_riduzione",fixed_params,SI,FP-SIC-012,"0.15","Riduzione criminalità da videosorveglianza CCTV (Welsh & Farrington)",,1,"SIC-08"
"p_riduzione_presidio",fixed_params,SI,FP-SIC-003,"0.1","Quota annua stock edilizio soggetto ad adeguamento sismico",,1,"SIC-06"
"p_riduzione_ricoveri",fixed_params,SI,FP-IST-003,"0.15","Quota studenti universitari fuori sede",,1,"RPC-04"
"p_rischio",fixed_params,SI,FP-SAL-014,"0.0002","QALY per minuto di riduzione accesso ospedaliero",,2,"176C 217B"
"p_risparmio",fixed_params,SI,FP-IST-021,"0.03","Riduzione probabilità NEET da scuola materna",,1,"231C"
"p_ritardati",fixed_params,SI,FP-IST-016,"0.18","Premium salariale ITS vs diploma superiore",,1,"FER-01"
"P_sisma",fixed_params,SI,FP-IST-029,"0.002","Probabilità spin-off per ricercatore",,1,"SIS-03"
"p_sovraffoll",fixed_params,SI,FP-IST-009,"0.4","Quota bambini 3-6 anni su utenti servizi infanzia",,1,"GIU-10"
"p_spin",fixed_params,SI,FP-IST-029,"0.002","Probabilità spin-off per ricercatore",,1,"173A"
"p_spinoff",fixed_params,SI,FP-IST-029,"0.002","Probabilità spin-off per ricercatore",,1,"UNI-03"
"p_urbano",fixed_params,SI,FP-IST-037,"0.55","Tasso occupazione post-work experience",,1,"STR-14"
"p_vit",fixed_params,SI,FP-MOB-015,"0.05","Densità km rete gas per abitante non metanizzato",,1,"279C"
"p_vittime",fixed_params,SI,FP-SAL-014,"0.0002","QALY per minuto di riduzione accesso ospedaliero",,3,"SIC-04 DIF-02 ABR-02"
"P2",fixed_params,SI,FP-IST-007,"0.02","Quota ITS su laureati annui",,10,"ABT-05 SIC-04 SIC-08 IDR-02 DIF-01"
"parziale",monetization_factors,SI,MF-LAV-025,"2500","parziale",,1,"219C"
"PM_rimosso_ha",fixed_params,SI,FP-IST-003,"0.15","Quota studenti universitari fuori sede",,2,"VER-04 NBS-05"
"Premio edonico sul valore immobiliare",monetization_factors,no,MF-CIV-HED,"5000","Premio edonico sul valore immobiliare",,29,"ARR-01 VER-05 CUL-04 CUL-08 ABT-04"
"Prezzo unitario di mercato di riferimento",monetization_factors,no,MF-CIV-MKT,"1","Prezzo unitario di mercato di riferimento",,148,"MAT-02 NID-02 EDI-03 UNI-03 CIM-03"
"Prezzo_medio_MPS",monetization_factors,SI,MF-AMB-024,"75","Prezzo medio materie prime seconde da raccolta differenziata",,1,"T108-C"
"q_notte",fixed_params,SI,FP-IST-004,"0.3","Quota studenti fuori sede che utilizza residenza",,2,"ILL-01 ILL-02"
"QALY",fixed_params,SI,FP-TUR-011,"0.0001","Numero borghi rurali per presenze turistiche rurali",,1,"RIC-03"
"quota",fixed_params,SI,FP-EDI-034,"4","Superficie media data center per rack",,9,"VER-05 CUL-04 STR-17 MET-04 STA-02"
"quota_evitabili",fixed_params,SI,FP-SAL-015,"0.12","Quota ricoveri evitabili con buona prevenzione",,1,"OSP-03"
"quota_impatto",fixed_params,SI,FP-IST-004,"0.3","Quota studenti fuori sede che utilizza residenza",,1,"STR-17"
"r",fixed_params,SI,FP-EDI-017,"0.03","Quota annua edifici PA soggetti a riqualificazione EPBD",,1,"SCU-01"
"rate",fixed_params,SI,FP-ENE-039,"0.2","rate",,1,"T128-C"
"reddito",fixed_params,SI,FP-IST-113,"22","reddito",,4,"PES-02 165A 167C 274B"
"Reddito da lavoro annuo attualizzato (capitale umano)",monetization_factors,no,MF-CIV-HC,"25000","Reddito da lavoro annuo attualizzato (capitale umano)",,75,"SCU-01 SCU-06 MAT-01 NID-01 UNI-01"
"reddito_loss_abbandono",fixed_params,SI,FP-IST-009,"0.4","Quota bambini 3-6 anni su utenti servizi infanzia",,1,"SCU-06"
"regionale",fixed_params,SI,FP-TUR-004,"1.5","Standard mq teatro per posto a sedere",,1,"CUL-12"
"rendimento_privato",fixed_params,SI,FP-LAV-022,"1","Rendimento privato investimento R&S",,1,"179B"
"Rendimento_sociale",fixed_params,SI,FP-LAV-005,"3","ULA industria per addetto",,2,"179B 248B"
"Resa",monetization_factors,SI,MF-LAV-003,"5000","Risparmio sussidi pubblici per reinserito lavorativo",,1,"150C"
"RevPAR",fixed_params,SI,FP-TUR-047,"38","RevPAR",,2,"140A 143A"
"risp_ins",fixed_params,SI,FP-IST-001,"25","Alunni per sezione scuola materna",,1,"168A"
"Risp_sussidi",monetization_factors,SI,MF-LAV-003,"5000","Risparmio sussidi pubblici per reinserito lavorativo",,1,"198C"
"Risp_vet",fixed_params,SI,FP-MOB-006,"45","Benchmark accessibilità aeroportuale — soglia intervento",,1,"148B"
"Risp_welfare",monetization_factors,SI,MF-LAV-003,"5000","Risparmio sussidi pubblici per reinserito lavorativo",,2,"163B 194C"
"risparmio",monetization_factors,SI,MF-IST-030,"40","risparmio",,36,"CON-01 MIL-03 FER-02 RIR-04 COR-04"
"Risparmio",monetization_factors,SI,MF-IST-127,"3500","Risparmio",,11,"T106-A 184B 186C 200B 217C"
"Risparmio_breach",monetization_factors,SI,MF-AMB-004,"15000","Costo esterno per tonnellata di NOx emesso",,1,"190C"
"Risparmio_carta",monetization_factors,SI,MF-AMB-023,"200","Costo interruzione servizio idrico — utenza industriale",,1,"190A"
"Risparmio_emergenza",monetization_factors,SI,MF-ENE-004,"5","Value of Lost Load — costo interruzione fornitura elettrica",,1,"189A"
"risparmio_kWh_grado",monetization_factors,SI,MF-MOB-008,"0.035","Riduzione costi operativi veicolo — TIR",,1,"VER-02"
"Risparmio_welfare",monetization_factors,SI,MF-MOB-018,"2500","Risparmio",,1,"GIU-09"
"ROI_energia",fixed_params,SI,FP-ENE-002,"15","ROI energetico risparmio per euro investito",,1,"T120-A"
"ROI_nido",fixed_params,SI,FP-IST-017,"7","ROI scuola dell\'infanzia 0-3 anni (Heckman)",,1,"NID-01"
"ROI_scuola_inf",fixed_params,SI,FP-IST-018,"2.5","ROI scuola materna 3-6 anni (Heckman)",,1,"MAT-01"
"SEQ",fixed_params,SI,FP-AMB-018,"2.5","Sequestro CO2 da alberi urbani adulti",,6,"VER-01 FOR-01 PAR-10 249A 251C"
"SEQ_CO2",fixed_params,SI,FP-IST-005,"3","Standard ICOM superficie museo per visitatore",,4,"FOR-01 NBS-01 PAR-10 249A"
"SEQ_CO2_ha",fixed_params,SI,FP-IST-018,"2.5","ROI scuola materna 3-6 anni (Heckman)",,1,"VER-01"
"spesa",monetization_factors,SI,MF-IST-013,"85","spesa",,26,"ARR-02 RIC-02 TEA-04 CUL-03 CUL-13"
"Spesa",monetization_factors,SI,MF-IST-003,"35","WTP per accesso a impianti sportivi",,1,"SPO-05"
"Spesa_media_business",monetization_factors,SI,MF-MOB-012,"350","Costo esterno rumore stradale per esposto",,1,"FIE-01"
"spesa_media_mare",monetization_factors,SI,MF-AMB-007,"90","WTP per qualità dell\'acqua — WFD",,1,"SPI-02"
"spesa_parco",monetization_factors,SI,MF-AMB-024,"75","Prezzo medio materie prime seconde da raccolta differenziata",,1,"PAR-11"
"sussidio",fixed_params,SI,FP-IST-150,"9","sussidio",,2,"163A 165A"
"SW",fixed_params,SI,FP-IST-016,"0.18","Premium salariale ITS vs diploma superiore",,2,"T107-A 154A"
"SW_acqua",fixed_params,SI,FP-IST-025,"0.35","Tasso di emigrazione laureati dal comune",,1,"REG-03"
"SW_irriguo",fixed_params,SI,FP-IST-016,"0.18","Premium salariale ITS vs diploma superiore",,2,"RIR-02 T103-A"
"SW_potabile",fixed_params,SI,FP-AGR-019,"1.1","EF risparmio MPS vs materie vergini (media ponderata)",,2,"RIU-01 T101-A"
"SW_uso_plurimo",fixed_params,SI,FP-IST-025,"0.35","Tasso di emigrazione laureati dal comune",,2,"T105-C T129-C"
"SWRO",fixed_params,SI,FP-ENE-019,"3.5","Consumo energetico specifico dissalatori SWRO",,1,"T104-C"
"T_PV15",fixed_params,SI,FP-IST-013,"11.9","Fattore di attualizzazione T_PV15",,3,"204A 210A 245A"
"T_PV20",fixed_params,SI,FP-IST-012,"14.9","Fattore di attualizzazione T_PV20",,5,"200A 203A 216A 235A 244A"
"T_PV30",fixed_params,SI,FP-IST-011,"19.6","Fattore di attualizzazione T_PV30",,12,"SCU-01 UNI-01 172C 174C 178B"
"T_ricerca",fixed_params,SI,FP-MOB-039,"11","Tempo medio ricerca parcheggio in area urbana italiana",,2,"PAR-06 PAR-07"
"tasso",fixed_params,SI,FP-IST-080,"11.1","tasso",,2,"CIM-02 BCM-04"
"tasso_emigrazione",fixed_params,SI,FP-IST-025,"0.35","Tasso di emigrazione laureati dal comune",,1,"UNI-04"
"TTM_risp",monetization_factors,SI,MF-AMB-004,"15000","Costo esterno per tonnellata di NOx emesso",,1,"176A"
"usura",fixed_params,SI,FP-MOB-067,"0.004","usura",,1,"INT-03"
"V_brev",monetization_factors,SI,MF-MOB-012,"350","Costo esterno rumore stradale per esposto",,3,"172A 178A 179A"
"V_pub",monetization_factors,SI,MF-LAV-003,"5000","Risparmio sussidi pubblici per reinserito lavorativo",,2,"172A 178A"
"V_suolo",monetization_factors,SI,MF-AMB-010,"1800","Valore ecosistemico suolo vergine non consumato",,1,"284A"
"VA",monetization_factors,SI,MF-AMB-007,"90","WTP per qualità dell\'acqua — WFD",,8,"PES-01 COM-03 AER-02 BON-04 T116-D"
"VA_servizio",monetization_factors,SI,MF-LAV-003,"5000","Risparmio sussidi pubblici per reinserito lavorativo",,1,"186B"
"Valore aggiunto attivato per euro di spesa",monetization_factors,no,MF-CIV-IO,"0.5","Valore aggiunto attivato per euro di spesa",,32,"UNI-04 FIE-02 CUL-16 GIU-07 POR-01"
"Valore del tempo risparmiato",monetization_factors,no,MF-CIV-VOT,"11","Valore del tempo risparmiato",,39,"SCU-04 SCU-09 SOC-01 PA-02 GIU-02"
"Valore di un anno di vita in piena salute (QALY)",monetization_factors,no,MF-CIV-QALY,"60000","Valore di un anno di vita in piena salute (QALY)",,45,"ARR-04 RIC-03 ICC-04 IGI-03 ASA-01"
"Valore ricreativo per visita",monetization_factors,no,MF-CIV-TCM,"10","Valore ricreativo per visita",,20,"RIC-01 CUL-01 CUL-05 CUL-09 CUL-11"
"Valore statistico della vita umana (VSL)",monetization_factors,no,MF-CIV-VSL,"3000000","Valore statistico della vita umana (VSL)",,33,"SOC-04 ILL-01 ILL-02 SPO-01 OSP-01"
"vantaggio",monetization_factors,SI,MF-LAV-019,"1500","vantaggio",,1,"208C"
"VCQALY",monetization_factors,SI,MF-SAL-006,"60000","Valore di un QALY — standard IT",,18,"SCU-02 NID-04 EDI-02 VER-03 SPO-02"
"VES",monetization_factors,SI,MF-AMB-012,"400","Valore ecosistemico area naturale protetta",,4,"PVA-03 259A 260A 261A"
"VES_agro_RS",monetization_factors,SI,MF-AMB-023,"200","Costo interruzione servizio idrico — utenza industriale",,1,"232B"
"VES_as",monetization_factors,SI,MF-AMB-013,"300","Valore ecosistemico ambienti seminaturali",,1,"251A"
"VES_costa",monetization_factors,SI,MF-LAV-003,"5000","Risparmio sussidi pubblici per reinserito lavorativo",,1,"SPI-03"
"VES_falda",fixed_params,SI,FP-IST-025,"0.35","Tasso di emigrazione laureati dal comune",,3,"CAP-03 T103-C T106-C"
"VES_idrico",fixed_params,SI,FP-IST-025,"0.35","Tasso di emigrazione laureati dal comune",,1,"RIR-03"
"VES_parco",monetization_factors,SI,MF-AMB-012,"400","Valore ecosistemico area naturale protetta",,1,"PAR-08~2"
"VES_seminaturale",monetization_factors,SI,MF-AMB-013,"300","Valore ecosistemico ambienti seminaturali",,1,"SNR-02"
"VES_suolo_urbano",fixed_params,SI,FP-MOB-002,"18","Standard mq aerostazione per passeggero picco",,1,"CIM-03"
"VOLL_medio",fixed_params,SI,FP-ENE-002,"15","ROI energetico risparmio per euro investito",,1,"T123-C"
"VOLY",monetization_factors,SI,MF-SAL-007,"40000","Valore di un anno di vita — VOLY",,1,"QAR-02"
"VoT",monetization_factors,SI,MF-IST-003,"35","WTP per accesso a impianti sportivi",,3,"222C 277A 240C"
"VoT_impresa",monetization_factors,SI,MF-IST-003,"35","WTP per accesso a impianti sportivi",,3,"PA-03 PA-07 PA-10"
"WTP",monetization_factors,SI,MF-AMB-008,"45","WTP per biodiversità e aree protette",,29,"ARR-03 CUL-02 CUL-10 CUL-12 SIC-02"
"WTP_accesso",monetization_factors,SI,MF-IST-002,"150","WTP per formazione culturale degli adulti",,2,"ALI-02 T104-B"
"WTP_buono_stato",monetization_factors,SI,MF-AMB-007,"90","WTP per qualità dell\'acqua — WFD",,4,"REG-02 CAC-01 FOG-02 COR-01"
"WTP_fognatura",monetization_factors,SI,MF-AMB-024,"75","Prezzo medio materie prime seconde da raccolta differenziata",,2,"FOG-01 T110-A"
"WTP_non_uso",monetization_factors,SI,MF-AMB-008,"45","WTP per biodiversità e aree protette",,1,"PVA-02"
"α",fixed_params,SI,FP-IST-010,"0.015","Elasticità reddito-dimensione classe (Hoxby)",,4,"SCU-01 192A 202A 243A"
"ΔC_LBD",fixed_params,SI,FP-LAV-018,"8","Addetti per ettaro riconvertito (mix terziario/commerciale)",,1,"177A"
"ΔCanone_mensile",monetization_factors,SI,MF-MOB-012,"350","Costo esterno rumore stradale per esposto",,1,"ABT-01"
"ΔConc",fixed_params,SI,FP-ENE-023,"2","Produzione biometano da fanghi depurazione",,2,"T130-C 160C"
"Δcosto",fixed_params,SI,FP-IST-005,"3","Standard ICOM superficie museo per visitatore",,4,"135A 151B 162A 278A"
"Δcosto_intermod",fixed_params,SI,FP-SAL-013,"0.018","Riduzione mortalità per 10 minuti di accesso rapido (Avdic)",,1,"INT-01"
"Δcosto_posa",monetization_factors,SI,MF-SAL-006,"60000","Valore di un QALY — standard IT",,1,"187A"
"ΔCosto_sovraffoll",monetization_factors,SI,MF-SIC-005,"8000","costo",,1,"GIU-10"
"ΔdB",fixed_params,SI,FP-AMB-003,"5","Quota rifiuti speciali da brownfield per ettaro",,1,"RUM-02"
"ΔDurata",fixed_params,SI,FP-IST-131,"60","ΔDurata",,2,"SIS-03 277A"
"ΔEF",fixed_params,SI,FP-ENE-001,"0.5","Produzione GWh FER per ettaro di superficie verde",,4,"T126-B T130-B 147B 284B"
"ΔEF_biomet",fixed_params,SI,FP-IST-036,"0.7","Tasso occupazione post-apprendistato",,1,"T132-B"
"ΔEF_CHP",fixed_params,SI,FP-ENE-025,"0.008","EF risparmio da flusso costante vs stop-and-go urbano",,2,"T122-B T131-B"
"ΔEF_CO2_fluidif",fixed_params,SI,FP-IST-008,"0.008","Standard Erasmus su laureati per 1.000 abitanti",,1,"STR-06"
"ΔEF_CO2_flusso",fixed_params,SI,FP-IST-044,"0.01","QALY da accesso biblioteca per studente",,1,"AUT-04"
"ΔEF_pompaggio",fixed_params,SI,FP-IST-024,"0.08","Quota QALY cognitivo per bambino svantaggiato da nido",,1,"SER-02"
"ΔEF_pompe",fixed_params,SI,FP-IST-031,"0.06","Elasticità agglomerazione R&S su TFP locale",,1,"T101-C"
"ΔEmiss",fixed_params,SI,FP-AGR-019,"1.1","EF risparmio MPS vs materie vergini (media ponderata)",,1,"232A"
"Δfito",fixed_params,SI,FP-AGR-002,"2.5","Densità UBA per ettaro di allevamento",,1,"149B"
"ΔGini",fixed_params,SI,FP-IST-040,"0.05","QALY da reinserimento lavorativo vs disoccupazione",,1,"227C"
"ΔKm",fixed_params,SI,FP-EDI-034,"4","Superficie media data center per rack",,1,"137A"
"ΔkWh",fixed_params,SI,FP-EDI-010,"60","Superficie per aula scolastica",,1,"263A"
"ΔkWh_grado",fixed_params,SI,FP-AMB-021,"0.035","Risparmio kWh per grado di riduzione UHI",,1,"NBS-02"
"ΔkWh_mq",fixed_params,SI,FP-ENE-009,"55","Risparmio energetico riqualificazione scolastica E→B",,3,"SCU-05 SCU-08 CAS-01"
"Δmort",fixed_params,SI,FP-SAL-027,"0.008","QALY da verde urbano (salute mentale)",,1,"SAN-03"
"ΔMortality_sport",fixed_params,SI,FP-SAL-025,"0.0008","Riduzione mortalità cardiovascolare da sport (WHO HEAT)",,1,"SPO-01"
"ΔNOx_LTO",fixed_params,SI,FP-IST-002,"1.2","Quota classi speciali su classi standard",,1,"AER-05"
"ΔOre",fixed_params,SI,FP-IST-002,"1.2","Quota classi speciali su classi standard",,4,"138C 164A 188A 190A"
"ΔP",fixed_params,SI,FP-AGR-008,"0.15","Quota zone umide su superficie idrica",,2,"148A 150C"
"ΔPrezzo",fixed_params,SI,FP-AGR-023,"0.12","ΔPrezzo",,1,"147C"
"ΔProd",fixed_params,SI,FP-IST-024,"0.08","Quota QALY cognitivo per bambino svantaggiato da nido",,16,"134A 149A 156A 159A 169C"
"ΔProd_elettr",monetization_factors,SI,MF-ENE-009,"1500","Risparmio annuo da sistemi di building management (BMS)",,1,"T125-B"
"ΔProd_ICT",fixed_params,SI,FP-IST-031,"0.06","Elasticità agglomerazione R&S su TFP locale",,1,"164B"
"ΔProd_tech",fixed_params,SI,FP-IST-067,"0.1","ΔProd",,1,"230A"
"ΔProd_TT",fixed_params,SI,FP-LAV-017,"0.04","Elasticità TFP da trasferimento tecnologico (TT)",,1,"175A"
"ΔQ",fixed_params,SI,FP-IST-067,"0.1","ΔProd",,3,"PA-08 GIU-03 GIU-07"
"ΔQALY",fixed_params,SI,FP-IST-020,"0.12","Riduzione probabilità abbandono da strutture scolastiche adeguate",,20,"SPO-02 163C 165C 199C 204C"
"ΔQALY_ciclismo",fixed_params,SI,FP-IST-021,"0.03","Riduzione probabilità NEET da scuola materna",,1,"CIC-02"
"ΔQALY_cognitivo",fixed_params,SI,FP-IST-024,"0.08","Quota QALY cognitivo per bambino svantaggiato da nido",,1,"NID-04"
"ΔQALY_outdoor",fixed_params,SI,FP-AMB-006,"0.02","Quota eventi calamitosi che danneggiano abitazioni",,1,"FPA-03"
"ΔQALY_per_minuto",fixed_params,SI,FP-SAL-014,"0.0002","QALY per minuto di riduzione accesso ospedaliero",,2,"OSP-02 ASA-01"
"ΔQALY_RSA_vs_niente",fixed_params,SI,FP-SAL-001,"0.05","Quota utenti sociali che necessita residenza",,1,"SAN-02"
"ΔQALY_servizi",fixed_params,SI,FP-IST-027,"0.04","Percentuale ricercatori su laureati",,1,"EDI-02"
"ΔQALY_struttura",fixed_params,SI,FP-IST-024,"0.08","Quota QALY cognitivo per bambino svantaggiato da nido",,1,"GIU-05"
"ΔQALY_trattamento",fixed_params,SI,FP-IST-029,"0.002","Probabilità spin-off per ricercatore",,1,"T112-C"
"ΔQALY_verde",fixed_params,SI,FP-IST-008,"0.008","Standard Erasmus su laureati per 1.000 abitanti",,2,"VER-03 NBS-03"
"ΔReddito",monetization_factors,SI,MF-LAV-021,"2500","ΔReddito",,1,"218A"
"ΔResa",monetization_factors,SI,MF-IST-104,"800","ΔResa",,8,"RIR-01 T102-A T103-B T107-A 145A"
"ΔRicavi",monetization_factors,SI,MF-AGR-006,"1200","ΔRicavi",,1,"146C"
"ΔSalario",monetization_factors,SI,MF-IST-157,"1500","ΔSalario",,5,"194B 201B 205C 208A 246C"
"ΔSeq",fixed_params,SI,FP-AGR-032,"0.8","ΔSeq",,1,"155A"
"ΔSeq_RS",fixed_params,SI,FP-IST-067,"0.1","ΔProd",,1,"230B"
"Δsic",fixed_params,SI,FP-IST-143,"0.2","Δsic",,3,"156C 157C 218C"
"Δsic_macch",fixed_params,SI,FP-IST-042,"0.25","Quota adulti italiani partecipanti a formazione culturale",,1,"159C"
"Δsicurezza",fixed_params,SI,FP-IST-009,"0.4","Quota bambini 3-6 anni su utenti servizi infanzia",,1,"CIC-03"
"ΔT",fixed_params,SI,FP-IST-005,"3","Standard ICOM superficie museo per visitatore",,10,"STR-15 ITS-01 184C 222B 222C"
"ΔT_accesso",fixed_params,SI,FP-IST-032,"20","Alunni standard per classe — benchmark dimensione",,3,"SOC-01 AIS-01 FUN-02"
"ΔT_interscambio",fixed_params,SI,FP-IST-017,"7","ROI scuola dell\'infanzia 0-3 anni (Heckman)",,1,"STA-01"
"ΔT_ritardo",fixed_params,SI,FP-EDI-034,"4","Superficie media data center per rack",,1,"AER-04"
"ΔTariff_peak",fixed_params,SI,FP-IST-027,"0.04","Percentuale ricercatori su laureati",,1,"T114-C"
"ΔTasso_recidiva",fixed_params,SI,FP-IST-020,"0.12","Riduzione probabilità abbandono da strutture scolastiche adeguate",,1,"GIU-04"
"ΔTempo",fixed_params,SI,FP-IST-064,"1.5","bacino",,1,"PA-03"
"ΔTempo_istruttoria",fixed_params,SI,FP-IST-005,"3","Standard ICOM superficie museo per visitatore",,1,"PA-10"
"ΔTempo_pratica",fixed_params,SI,FP-IST-032,"20","Alunni standard per classe — benchmark dimensione",,1,"PA-02"
"ΔV",monetization_factors,SI,MF-AMB-023,"200","Costo interruzione servizio idrico — utenza industriale",,6,"MIL-01 T110-C T119-C 137C 266C"
"ΔV_bonifica",fixed_params,SI,FP-IST-067,"0.1","ΔProd",,2,"BON-02 T116-B"
"ΔV_disamenity",fixed_params,SI,FP-IST-024,"0.08","Quota QALY cognitivo per bambino svantaggiato da nido",,1,"T111-C"
"ΔV_fognatura",fixed_params,SI,FP-IST-022,"0.012","Elasticità occupazione femminile da nido 0-3 anni",,1,"FOG-04"
"ΔV_hed",fixed_params,SI,FP-IST-010,"0.015","Elasticità reddito-dimensione classe (Hoxby)",,1,"STR-17"
"ΔV_hed_acqua",fixed_params,SI,FP-IST-021,"0.03","Riduzione probabilità NEET da scuola materna",,1,"MAR-02"
"ΔV_spiaggia",fixed_params,SI,FP-IST-024,"0.08","Quota QALY cognitivo per bambino svantaggiato da nido",,1,"SPI-04"
"ΔV_TOD",fixed_params,SI,FP-IST-020,"0.12","Riduzione probabilità abbandono da strutture scolastiche adeguate",,2,"MET-04 STA-02"
"ΔV_tratt_RS",fixed_params,SI,FP-IST-031,"0.06","Elasticità agglomerazione R&S su TFP locale",,1,"T115-B"
"ΔVOC",fixed_params,SI,FP-IST-007,"0.02","Quota ITS su laureati annui",,2,"170B 225B"
"ΔVOC_auto",fixed_params,SI,FP-IST-010,"0.015","Elasticità reddito-dimensione classe (Hoxby)",,1,"STR-03"
"ΔVOC_infr",fixed_params,SI,FP-IST-044,"0.01","QALY da accesso biblioteca per studente",,1,"STR-08"
"ΔVOC_urb",fixed_params,SI,FP-IST-022,"0.012","Elasticità occupazione femminile da nido 0-3 anni",,1,"STR-15"
"ε",fixed_params,SI,FP-IST-027,"0.04","Percentuale ricercatori su laureati",,9,"161C 174B 178C 184A 195C"
"ε_broad",fixed_params,SI,FP-IST-027,"0.04","Percentuale ricercatori su laureati",,1,"182A"
"ε_occ",fixed_params,SI,FP-IST-044,"0.01","QALY da accesso biblioteca per studente",,1,"193B"
"ε_occ_mat",fixed_params,SI,FP-IST-008,"0.008","Standard Erasmus su laureati per 1.000 abitanti",,1,"MAT-02"
"ε_occ_nido",fixed_params,SI,FP-IST-022,"0.012","Elasticità occupazione femminile da nido 0-3 anni",,1,"NID-02"
"ε_social",fixed_params,SI,FP-IST-007,"0.02","Quota ITS su laureati annui",,1,"227A"
"ε_spillover",fixed_params,SI,FP-LAV-002,"0.05","Quota aziende che investe annualmente in macchinari — commercio",,1,"172B"